{"cameraMode":{"drawMode":0,"name":"Shaded","section":"Shading Mode"},"sceneLighting":true,"audioPlay":false,"sceneViewState":{"showFog":true,"showMaterialUpdate":false,"showSkybox":false,"showFlares":true,"showImageEffects":true,"showParticleSystems":true},"in2DMode":false,"pivot":{"x":-2.649677276611328,"y":-0.457181453704834,"z":-0.6478211283683777},"rotation":{"x":0.33273592591285708,"y":0.2703777849674225,"z":-0.10019953548908234,"w":0.8978555798530579},"size":15.472043991088868,"orthographic":false}