{"cameraMode":{"drawMode":0,"name":"Shaded","section":"Shading Mode"},"sceneLighting":true,"audioPlay":false,"sceneViewState":{"showFog":true,"showMaterialUpdate":false,"showSkybox":false,"showFlares":true,"showImageEffects":true,"showParticleSystems":true},"in2DMode":false,"pivot":{"x":-1.3356943130493165,"y":22.619464874267579,"z":-5.071043968200684},"rotation":{"x":0.5880223512649536,"y":-0.03757624328136444,"z":0.027362748980522157,"w":0.8075083494186401},"size":368.0148010253906,"orthographic":false}