{"cameraMode":{"drawMode":0,"name":"Shaded","section":"Shading Mode"},"sceneLighting":true,"audioPlay":false,"sceneViewState":{"showFog":true,"showMaterialUpdate":false,"showSkybox":false,"showFlares":true,"showImageEffects":true,"showParticleSystems":true},"in2DMode":false,"pivot":{"x":-1.1897917985916138,"y":22.48143768310547,"z":-5.587459087371826},"rotation":{"x":0.6314310431480408,"y":0.0011631437810137869,"z":-0.0009471593075431883,"w":0.7754310369491577},"size":1.1113834381103516,"orthographic":false}