{"cameraMode":{"drawMode":0,"name":"Shaded","section":"Shading Mode"},"sceneLighting":false,"audioPlay":false,"sceneViewState":{"showFog":true,"showMaterialUpdate":false,"showSkybox":false,"showFlares":true,"showImageEffects":true,"showParticleSystems":true},"in2DMode":false,"pivot":{"x":-0.8592312932014465,"y":-14.733460426330567,"z":-4.086728572845459},"rotation":{"x":0.8214259743690491,"y":0.0008544410229660571,"z":-0.0012330353492870927,"w":0.5703251957893372},"size":24.43421173095703,"orthographic":true}